{
  "test/integration/pages/EmployeeObjectPage.js.map": 1731427023978,
  "test/integration/pages/TeamObjectPage.js": 1731425848583,
  "test/integration/pages/TeamList.js": 1731425848583,
  "test/integration/pages/EmployeeObjectPage.js": 1731425848583,
  "test/integration/opaTests.qunit.js": 1731425848583,
  "test/integration/FirstJourney.js": 1731425848583,
  "test/testsuite.qunit.js": 1731425848583,
  "xs-app.json": 1731427005913,
  "manifest.json": 1731427005921,
  "Component.js": 1731425848583,
  "test/integration/opaTests.qunit-dbg.js": 1731425848583,
  "test/integration/opaTests.qunit.js.map": 1731427023972,
  "test/integration/pages/TeamList-dbg.js": 1731425848583,
  "test/integration/pages/TeamList.js.map": 1731427023968,
  "test/integration/pages/EmployeeObjectPage-dbg.js": 1731425848583,
  "i18n/i18n.properties": 1731425848583,
  "test/integration/pages/TeamObjectPage-dbg.js": 1731425848583,
  "test/integration/pages/TeamObjectPage.js.map": 1731427023934,
  "test/integration/FirstJourney-dbg.js": 1731425848583,
  "test/integration/FirstJourney.js.map": 1731427023972,
  "test/testsuite.qunit-dbg.js": 1731425848583,
  "test/testsuite.qunit.js.map": 1731427023971,
  "Component-dbg.js": 1731425848583,
  "Component.js.map": 1731427023973,
  "Component-preload.js": 1731427024039,
  "Component-preload.js.map": 1731427024039,
  "test/integration/opaTests.qunit.html": 1731425848583,
  "test/testsuite.qunit.html": 1731425848583,
  "test/flpSandbox.html": 1731425848583,
  "index.html": 1731425848583
}